{"current":{"color--accent":"#ffffff","color-text":"#272727","color--alternative":"#ff6d41","color-page-bg":"#ffffff","color-panel-bg":"#f7f7f7","color-border":"#ffffff","color-error":"#272727","color-button":"#ffffff","color-button-bg":"#ff6d41","color-header-bg":"#ffffff","color-header":"#272727","color-header-cart":"#272727","color-footer-bg":"#cccccc","color-footer":"#272727","color-slider-caption":"#272727","color-slider-caption-bg":"#ffffff","color-slider-button":"#f7f7f7","color-slider-button-bg":"#272727","color-slider-button-hover-bg":"#474747","color-slider-nav":"#272727","color-grid-sale":"#ffffff","color-grid-sale-bg":"#272727","color-grid-sold-out":"#ffffff","color-grid-sold-out-bg":"#cccccc","color-tabs-accordions":"#ebebeb","typography--logo":"basic_commercial_n7","typography--heading":"itc_franklin_gothic_n5","typography--accent":"itc_franklin_gothic_n5","typography--text":"itc_franklin_gothic_n4","hover-image-enabled":true,"brand-show":true,"search--show-in-header":true,"search--show-articles":true,"search--show-pages":true,"footer-facebook-follow-url":"https:\/\/fb.me\/casementwindows","footer-twitter-follow-url":"https:\/\/twitter.com\/DoorwinGroup","footer-instagram-follow-url":"","footer-vimeo-follow-url":"","footer-pinterest-follow-url":"","footer-youtube-follow-url":"https:\/\/www.youtube.com\/channel\/UC_RY8UPeBmt27dZ-OElaD_A?view_as=subscriber","footer-tumblr-follow-url":"","footer-google-plus-follow-url":"","popup--enabled":false,"popup--test-mode":false,"popup--image":"shopify:\/\/shop_images\/1111.jpg","popup--image-url":"https:\/\/support.doorwingroup.com\/","popup--page-content":"","popup--newsletter--enabled":false,"popup--newsletter--heading":"<p>Sign up to our mailing list<\/p>","popup--social-icons--enabled":false,"popup--seconds-range":5,"popup--days-range":7,"show_multiple_currencies":true,"currency_format":"money_format","supported_currencies":"INR GBP CAD USD AUD EUR JPY","default_currency":"USD","favicon":"shopify:\/\/shop_images\/favicon.jpg","checkout_header_image":"","checkout_logo_image":"","checkout_logo_position":"left","checkout_logo_size":"medium","checkout_body_background_image":"","checkout_body_background_color":"#ffffff","checkout_input_background_color_mode":"white","checkout_sidebar_background_image":"","checkout_sidebar_background_color":"#fafafa","checkout_heading_font":"-apple-system, BlinkMacSystemFont, 'Segoe UI', Roboto, Helvetica, Arial, sans-serif, 'Apple Color Emoji', 'Segoe UI Emoji', 'Segoe UI Symbol'","checkout_body_font":"-apple-system, BlinkMacSystemFont, 'Segoe UI', Roboto, Helvetica, Arial, sans-serif, 'Apple Color Emoji', 'Segoe UI Emoji', 'Segoe UI Symbol'","checkout_accent_color":"#197bbd","checkout_button_color":"#197bbd","checkout_error_color":"#e32c2b","color-text-alt":"#999999","color-button-bg-hover":"#777777","color-twitter-tone":"light","color-product-slider-bg":"#ffffff","color-featured-promo-bg":"#f7f7f7","color-social-feed-bg":"#ffffff","color-product-cart-button":"#f7f7f7","color-product-cart-button-bg":"#272727","color-product-cart-button-bg-hover":"#474747","sections":{"header":{"type":"header","settings":{"transparent-menu":false,"menu":"main-menu","header-account-show":false,"header-menu-center":true,"header-logo-center":true,"logo":"shopify:\/\/shop_images\/log_68d1e89e-433e-4508-a6cb-e5a35c57fd5c.jpg","logo-height":60,"announcement--background-color":"light","announcement--alternative-color":false,"header--promo-bar--show-on":"home","header--promo-bar--text":"CALL US:+1 -858 260 9698      WHATSAPP: +86-186 000 26127 EMAIL:SUPPORT@DOORWINGROUP.COM","header--promo-bar--link":""}},"footer":{"type":"footer","blocks":{"1562572494742":{"type":"about","settings":{"about-title":"Contact","text":"<p><a href=\"https:\/\/support.doorwingroup.com\/\" title=\"https:\/\/support.doorwingroup.com\/\">Request A Free Quote<\/a><\/p>\n<p>Email: Support@doorwingroup.com<\/p>\n<p>U.S. Tel: +1-858 260 9698<\/p>\n<p>Whatsapp: +86-186 00026127<\/p>\n<p><a href=\"\/collections\" title=\"All Collections\">All Products<\/a><\/p>\n<p><\/p>","footer-payment-options-show":true}},"footer--menu":{"type":"menu","settings":{"menu-title":"Info","menu":"main-menu"}},"footer--subscribe":{"type":"subscribe","settings":{"newsletter--heading":"<p>Doorwin window and door professionals and are available to help you choose the best product to suit your needs. Welcome to cantact our U.S.Tel 1-858-260 9698<\/p>","subscribe--show-newsletter":true,"subscribe--show-social-icons":true}}},"block_order":["1562572494742","footer--menu","footer--subscribe"],"settings":{}},"product":{"type":"product","settings":{"product-breadcrumbs-show":true,"smart_payment_button":false,"product-unavailable-form-show":true,"product-modal-enabled":true,"product-zoom-enabled":true,"low-in-stock-amount":0,"cart-form-position":"left","product-size-chart-enabled":true,"product-size-chart-option":"size","product-size-chart-page-content":"why-choose-us","product-share-this-show":true,"product-share-twitter":true,"product-share-facebook":true,"product-share-pinterest":true,"product-share-tumblr":true,"product-share-google":true,"product-similar-products-show":true,"product-similar-products-amount":"4","mobile-items-per-row":"2"}},"collection":{"type":"collection","settings":{"collections-breadcrumbs-show":true,"collections-tags-show":true,"collections-products-per-row":"4","mobile-items-per-row":"2"}},"blog":{"type":"blog","settings":{"articles-per-page":10}},"article":{"type":"article","settings":{"article-share-twitter":true,"article-share-facebook":true,"article-share-pinterest":true,"article-share-tumblr":true,"article-share-google":true}},"password":{"type":"password","settings":{"logo":"","logo-height":100,"password--show-newsletter":true,"mailing-list--title":"<p>Sign up to our mailing list<\/p>"}},"1519177052247":{"type":"slideshow","blocks":{"1519177052247-0":{"type":"image","settings":{"image":"shopify:\/\/shop_images\/new1-2.jpg","slide-title":"DOORWIN WINDOWS. SUPERIOR QUALITY. lIFETIME WARRANTY.","slide-tagline":"Custom-built windows. From our factory to your home. Beautiful sliding and folding doors, too!","slide-link-url":"shopify:\/\/pages\/what-project-do-you-want-to-start","slide-link-title":"Get Free Sample Window Corner","slide-y-pos":"bottom","slide-x-pos":"left","slide-text-pos":"text-left"}},"1566893146853":{"type":"image","settings":{"image":"shopify:\/\/shop_images\/1-3.jpg","slide-title":"60% OFF WINDOWS","slide-tagline":"CHINA FACTORY-TO-HOME WHOLESALE! OUR BIGGEST SALE OF THE YEAR!","slide-link-url":"shopify:\/\/pages\/pricing","slide-link-title":"KNOW MORE ABOUT PRICING","slide-y-pos":"bottom","slide-x-pos":"left","slide-text-pos":"text-left"}}},"block_order":["1519177052247-0","1566893146853"],"settings":{"autoplay":true,"transition_style":"fade","rotate-frequency-range":5}},"1519177136360":{"type":"framework--featured-grid","blocks":{"1519177136360-0":{"type":"image","settings":{"image":"shopify:\/\/shop_images\/f1_6073a51c-7a69-46ce-9f00-74725cd98f5a.jpg","title":"E-SERIES WOOD ALU-CLAD CRANK OPEN WINDOWS","subtitle":"Hinged on either side, the sash opens horizontally opposite the hinge.","link-url":"shopify:\/\/collections\/e-series-crank-open-casement-window"}},"1519177136360-1":{"type":"image","settings":{"image":"shopify:\/\/shop_images\/f2.jpg","title":"GERMANY STYLE TILT & TURN CASEMENT  WINDOWS","subtitle":"Depending on the handle position, it can operate as a fixed window, inward casement window or hopper window.","link-url":"shopify:\/\/collections\/tilt-turn-window"}},"1519177136360-2":{"type":"image","settings":{"image":"shopify:\/\/shop_images\/f3.jpg","title":"Specialty Windows","subtitle":"Coming in a variety of shapes and sizes.","link-url":"shopify:\/\/collections\/e-series-specialty-shape-window"}},"1519177136360-3":{"type":"image","settings":{"image":"shopify:\/\/shop_images\/f4.jpg","title":"e-series wood alu-clad AWNING WINDOWS","subtitle":"Hinged at the top, the sash swings outward from the bottom.","link-url":"shopify:\/\/collections\/e-series-crank-open-awning-window"}},"1521155794713":{"type":"image","settings":{"image":"shopify:\/\/shop_images\/f5.jpg","title":"Bay and Bow Windows","subtitle":"Combinations project outward from the home, providing additional interior space and additional light.","link-url":"shopify:\/\/collections\/bay-bow-window"}},"1521155797117":{"type":"image","settings":{"image":"shopify:\/\/shop_images\/f6.jpg","title":"Single\/Double Hung Windows","subtitle":"Venting upper and\/or lower sash in a single frame that slide vertically past one another.","link-url":"shopify:\/\/collections\/double-hung-window"}},"1542433658099":{"type":"image","settings":{"image":"shopify:\/\/shop_images\/f7.jpg","title":"Picture Windows","subtitle":"Usually stationary, rectangular, non-opening windows that allow light into the room.","link-url":"shopify:\/\/collections\/picturefixed-window"}},"1542433662591":{"type":"image","settings":{"image":"shopify:\/\/shop_images\/free.jpg","title":"FREE FREE FREE","subtitle":"free! free! free!\nWelcome to contact our American market specialist for free sample! U.S.Tel 1-858-260 9698 .... Whatsapp: +86-186 00026127 Vincent@doorwingroup.com","link-url":"https:\/\/support.doorwingroup.com\/request-a-free-quote\/"}}},"block_order":["1519177136360-0","1519177136360-1","1519177136360-2","1519177136360-3","1521155794713","1521155797117","1542433658099","1542433662591"],"settings":{"background-color":"none","full-width":false,"spacing":true,"alternative-color":false,"text-position":"bottom","width":4,"mobile-width":"2","title":"Explore Window Types","subtitle":"On-Time Shipment Protection\/10 Year Warranty","link-url":"https:\/\/support.doorwingroup.com\/request-a-free-quote\/","link-text":"Request a Free Quote Now"}},"1519177213210":{"type":"framework--featured-content","settings":{"full-width":true,"background-color":"none","text-position":"center","text-width":"small","overlap":false,"transparent-overlap":true,"alternative-color":false,"image":"shopify:\/\/shop_images\/late-delivery-refund2.jpg","title":"","description":"","link-url":"shopify:\/\/pages\/trade-assurance","link-text":""}},"1519177316120":{"type":"framework--newsletter","disabled":true,"settings":{"background-color":"none","heading":"CONTACT OUR AMERICAN MARKET SPECIALIST","newsletter--subheading":"<p>Doorwin window and door professionals and are available to help you choose the best product to suit your needs. Welcome to cantact our U.S.Tel 1-858-260 9698<\/p>"}},"1521155972652":{"type":"framework--featured-video","settings":{"background-color":"light","heading":"","video_url":"https:\/\/youtu.be\/h8Q8NQbayB0"}},"1542435639637":{"type":"framework--featured-content","settings":{"full-width":false,"background-color":"none","text-position":"bottom","text-width":"small","overlap":false,"transparent-overlap":false,"alternative-color":false,"image":"shopify:\/\/shop_images\/6-2_ff3de194-67d9-4741-a2ae-d3d0c1d1648e.jpg","title":"","description":"","link-url":"shopify:\/\/pages\/what-project-do-you-want-to-start","link-text":""}},"1542436969350":{"type":"framework--featured-content","settings":{"full-width":true,"background-color":"light","text-position":"top","text-width":"large","overlap":false,"transparent-overlap":false,"alternative-color":false,"image":"shopify:\/\/shop_images\/7-1.jpg","title":"","description":"","link-url":"shopify:\/\/products\/arched-thermal-break-aluminum-window-with-oak-wood-cladding-from-inside-casement-french-window-with-grill-design","link-text":""}},"1542439281030":{"type":"framework--featured-content","disabled":true,"settings":{"full-width":false,"background-color":"none","text-position":"bottom","text-width":"large","overlap":false,"transparent-overlap":false,"alternative-color":false,"image":"shopify:\/\/shop_images\/8-1_8b36abea-001f-4bcb-9835-f51a6ec33ad0.jpg","title":"","description":"","link-url":"https:\/\/support.doorwingroup.com\/request-a-free-quote\/","link-text":""}},"1542441943018":{"type":"framework--featured-grid","blocks":{"1542441943018-0":{"type":"image","settings":{"image":"shopify:\/\/shop_images\/crank_casement.jpg","title":"","subtitle":"Doorwin SEAMLESS WELDING JOINT technique provide additional strength, protection and improve aesthetics.","link-url":"shopify:\/\/collections\/e-series-crank-open-casement-window"}},"1542441943018-1":{"type":"image","settings":{"image":"shopify:\/\/shop_images\/tilt-turn.jpg","title":"","subtitle":"Doorwin Tilt-turn windows ensures outstanding performance even under the harshest weather.","link-url":"shopify:\/\/collections\/tilt-turn-window"}},"1542441943018-2":{"type":"image","settings":{"image":"shopify:\/\/shop_images\/alu-window.jpg","title":"Aluminum window","subtitle":"Our standard finishing option is a polyester powder coat for superior resistance to scratches, flaking and fading.","link-url":"shopify:\/\/pages\/aluminum-window"}},"1542441943018-3":{"type":"image","settings":{"image":"shopify:\/\/shop_images\/folding-door.jpg","title":"","subtitle":"Doors can be up to 6 meters wide with a sash width of up to 1 meter- meaning less profile, more glass and slimmer sightlines.","link-url":"shopify:\/\/collections\/folding-sliding-patio-door"}}},"block_order":["1542441943018-0","1542441943018-1","1542441943018-2","1542441943018-3"],"settings":{"background-color":"light","full-width":false,"spacing":false,"alternative-color":false,"text-position":"bottom","width":4,"mobile-width":"2","title":"SALE Aluminium Windows and Doors at China Factory Price","subtitle":"By eliminating the \"middleman\" that many other home improvement companies use, Doorwin cuts out the additional costs that you would otherwise pay, and passes these savings directly on to you.","link-url":"https:\/\/support.doorwingroup.com\/request-a-free-quote\/","link-text":"REQUEST A free QUOTE NOW!"}},"1542446629942":{"type":"framework--featured-content","settings":{"full-width":true,"background-color":"light","text-position":"top","text-width":"large","overlap":false,"transparent-overlap":false,"alternative-color":false,"image":"shopify:\/\/shop_images\/why-choose-doorwin_5.jpg","title":"OUR 3 WHOLLY OWNED FACTORIES IN CHINA","description":"<p><a href=\"\/pages\/why-choose-us\" title=\"Why choose us\">DOORWIN GROUP<\/a> is a major Aluminium\/Timber Doors and Windows Chinese manufacturer, supplying high performance Aluminium and timber windows, alu-clad wood windows and Large Aluminium Exterior Bi-Fold doors for large- and small-scale residential and commercial housing projects in US, NZ and Austrilia. These products are highty sought for energy efficiency, longevity and low maintenance.<\/p>","link-url":"https:\/\/support.doorwingroup.com\/request-a-free-quote\/","link-text":"REQUEST A free QUOTE!"}},"pages":{"type":"pages","settings":{"center-content--enabled":true}},"1543080705101":{"type":"framework--featured-content","settings":{"full-width":false,"background-color":"none","text-position":"left","text-width":"small","overlap":false,"transparent-overlap":false,"alternative-color":false,"image":"shopify:\/\/shop_images\/why-choose-doorwin_3.jpg","title":"","description":"","link-url":"shopify:\/\/pages\/international-certification","link-text":"See more certificates"}},"1544103128902":{"type":"framework--featured-grid","blocks":{"1544103128902-0":{"type":"image","settings":{"image":"shopify:\/\/shop_images\/D1_1813aa66-7ea3-45ef-91aa-01755d5f98f4.jpg","title":"Big Doors","subtitle":"Truly remove the boundary between indoors and outdoors,","link-url":"shopify:\/\/collections\/folding-sliding-patio-door"}},"1544103128902-1":{"type":"image","settings":{"image":"shopify:\/\/shop_images\/D7.jpg","title":"Hinged Patio Doors","subtitle":"Commonly known as French doors, and are available as inswing or outswing models with optional sidelights and transom windows.","link-url":"shopify:\/\/collections\/french-entrance-door"}},"1544103128902-2":{"type":"image","settings":{"image":"shopify:\/\/shop_images\/D2_5dd6aa86-00ac-4b16-b3b2-c2fcf8918db1.jpg","title":"Gliding Patio Doors","subtitle":"Gliding patio doors have at least one door panel that glides smoothly past another door panel to save room where you need it.","link-url":"shopify:\/\/collections\/folding-sliding-patio-door"}},"1544111322273":{"type":"image","settings":{"image":"shopify:\/\/shop_images\/D4_df07e76f-55d9-4a78-b1f6-8a9e2c727075.jpg","title":"Interior wooden doors","subtitle":"We use the finest, defect free, North American red oak lumber which we process to ensure proper moisture content for durability and strength.","link-url":"shopify:\/\/collections\/solid-wood-interior-door"}}},"block_order":["1544103128902-0","1544103128902-1","1544103128902-2","1544111322273"],"settings":{"background-color":"light","full-width":false,"spacing":true,"alternative-color":false,"text-position":"bottom","width":4,"mobile-width":"2","title":"Explore Door Types","subtitle":"","link-url":"","link-text":"Get 15% off now"}},"1557798251333":{"type":"framework--featured-content","disabled":true,"settings":{"full-width":false,"background-color":"none","text-position":"top","text-width":"large","overlap":false,"transparent-overlap":true,"alternative-color":false,"image":"shopify:\/\/shop_images\/why-choose-doorwin_2.jpg","title":"","description":"","link-url":"","link-text":""}},"1559789018750":{"type":"framework--featured-content","settings":{"full-width":true,"background-color":"none","text-position":"top","text-width":"large","overlap":true,"transparent-overlap":false,"alternative-color":false,"image":"shopify:\/\/shop_images\/c2335a3daf5a64e95136167e1d2806d8_68a70813-5c89-4de7-8815-311ea1824c61.jpg","title":"","description":"","link-url":"shopify:\/\/pages\/ultra-narrow-window","link-text":""}},"1563338033372":{"type":"featured-blog","settings":{"background-color":"light","heading":"KNOWLEDGE BASE","blog":"knowledge-base"}},"1566400045952":{"type":"framework--featured-blog","settings":{"background-color":"none","heading":"PROJECT CASE","blog":"project-cases"}}},"content_for_index":["1519177052247","1557798251333","1542441943018","1542436969350","1559789018750","1521155972652","1519177213210","1519177136360","1544103128902","1542435639637","1543080705101","1542446629942","1542439281030","1519177316120","1566400045952","1563338033372"]},"presets":{"Beauty":{"typography--logo":"basic_commercial_n7","typography--heading":"itc_franklin_gothic_n5","typography--accent":"itc_franklin_gothic_n5","typography--text":"itc_franklin_gothic_n4","color--accent":"#ffd7d7","color-text":"#272727","color-text-alt":"#999999","color-page-bg":"#ffffff","color-panel-bg":"#f7f7f7","color-border":"#ebebeb","color-error":"#f66767","color-button":"#ffffff","color-button-bg":"#272727","color-button-bg-hover":"#777777","color-twitter-tone":"light","color-header-bg":"#ffd7d7","color-header":"#272727","color-header-cart":"#272727","color-footer-bg":"#ffd7d7","color-footer":"#272727","color-slider-caption":"#272727","color-slider-caption-bg":"#ffffff","color-slider-button":"#f7f7f7","color-slider-button-bg":"#272727","color-slider-button-hover-bg":"#474747","color-slider-nav":"#272727","color-product-slider-bg":"#ffffff","color-featured-promo-bg":"#f7f7f7","color-social-feed-bg":"#ffffff","color-grid-sale":"#ffffff","color-grid-sale-bg":"#272727","color-grid-sold-out":"#ffffff","color-grid-sold-out-bg":"#cccccc","color-product-cart-button":"#f7f7f7","color-product-cart-button-bg":"#272727","color-product-cart-button-bg-hover":"#474747","color-tabs-accordions":"#ebebeb","sections":{"header":{"type":"header","settings":{"transparent-menu":false,"menu":"main-menu","header-account-show":true,"header-menu-center":true,"header-logo-center":true,"logo":"","logo-height":35,"header--promo-bar--show-on":"all","header--promo-bar--text":"Add your promotional message","header--promo-bar--link":""}},"footer":{"type":"footer","blocks":{"footer--about":{"type":"about","settings":{"about-title":"Store","footer-payment-options-show":true}},"footer--menu":{"type":"menu","settings":{"menu-title":"Info","menu":"footer"}},"footer--subscribe":{"type":"subscribe","settings":{"newsletter--heading":"<p>Sign up to our mailing list<\/p>","subscribe--show-newsletter":true,"subscribe--show-social-icons":true}}},"block_order":["footer--about","footer--menu","footer--subscribe"],"settings":{}},"product":{"type":"product","settings":{"product-breadcrumbs-show":true,"smart_payment_button":false,"product-unavailable-form-show":true,"product-modal-enabled":true,"product-zoom-enabled":true,"low-in-stock-amount":0,"cart-form-position":"left","product-size-chart-enabled":false,"product-size-chart-option":"size","product-size-chart-page-content":"","product-share-this-show":true,"product-share-twitter":true,"product-share-facebook":true,"product-share-pinterest":true,"product-share-tumblr":true,"product-share-google":true,"product-similar-products-show":true,"product-similar-products-amount":"3","mobile-items-per-row":"2"}},"collection":{"type":"collection","settings":{"collections-breadcrumbs-show":true,"collections-tags-show":true,"collections-products-per-row":"4","mobile-items-per-row":"2"}},"blog":{"type":"blog","settings":{"articles-per-page":10}},"article":{"type":"article","settings":{"article-share-twitter":true,"article-share-facebook":true,"article-share-pinterest":true,"article-share-tumblr":true,"article-share-google":true}},"password":{"type":"password","settings":{"logo":"","logo-height":100,"password--show-newsletter":true,"mailing-list--title":"<p>Sign up to our mailing list<\/p>"}},"1519177052247":{"type":"slideshow","blocks":{"1519177052247-0":{"type":"image","settings":{"image":"","slide-title":"Slideshow","slide-tagline":"Introduce your store or campaign with this slideshow section.","slide-link-url":"","slide-link-title":"Link to content","slide-y-pos":"middle","slide-x-pos":"left","slide-text-pos":"text-left"}},"1519177052247-1":{"type":"image","settings":{"image":"","slide-title":"Slideshow","slide-tagline":"Introduce your store or campaign with this slideshow section.","slide-link-url":"","slide-link-title":"Link to content","slide-y-pos":"middle","slide-x-pos":"left","slide-text-pos":"text-left"}}},"block_order":["1519177052247-0","1519177052247-1"],"settings":{"autoplay":true,"transition_style":"default","rotate-frequency-range":7}},"1519177108222":{"type":"framework--featured-content","settings":{"full-width":true,"background-color":"accent","text-position":"right","text-width":"small","overlap":false,"transparent-overlap":false,"alternative-color":false,"image":"","title":"Image with text","description":"<p>Use a combination of image and text to share information about your brand with your customers. Describe a product, share announcements, or welcome customers to your store<\/p>","link-url":"","link-text":""}},"1519177136360":{"type":"framework--featured-grid","blocks":{"1519177136360-0":{"type":"image","settings":{"image":"","title":"Grid image","subtitle":"View more","link-url":""}},"1519177136360-1":{"type":"image","settings":{"image":"","title":"Grid image","subtitle":"View more","link-url":""}},"1519177136360-2":{"type":"image","settings":{"image":"","title":"Grid image","subtitle":"View more","link-url":""}},"1519177136360-3":{"type":"image","settings":{"image":"","title":"Grid image","subtitle":"View more","link-url":""}},"1521155794713":{"type":"image","settings":{"image":"","title":"Grid image","subtitle":"View more","link-url":""}},"1521155797117":{"type":"image","settings":{"image":"","title":"Grid image","subtitle":"View more","link-url":""}}},"block_order":["1519177136360-0","1519177136360-1","1519177136360-2","1519177136360-3","1521155794713","1521155797117"],"settings":{"background-color":"none","full-width":false,"spacing":true,"alternative-color":false,"text-position":"center","width":3,"mobile-width":"2","title":"Featured grid","subtitle":"","link-url":"","link-text":""}},"1519177181912":{"type":"featured-collection","settings":{"background-color":"none","home-product-slider-collection":"","max_products":12}},"1519177213210":{"type":"framework--featured-content","settings":{"full-width":true,"background-color":"light","text-position":"center","text-width":"large","overlap":true,"transparent-overlap":true,"alternative-color":false,"image":"","title":"Image with text","description":"<p>Use a combination of image and text to share information about your brand with your customers. Describe a product, share announcements, or welcome customers to your store<\/p>","link-url":"","link-text":""}},"1519177316120":{"type":"framework--newsletter","settings":{"background-color":"none","heading":"Subscribe to our newsletter","newsletter--subheading":"<p>A short sentence describing what someone will receive by subscribing<\/p>"}},"1521155885984":{"type":"featured-blog","settings":{"background-color":"none","heading":"Blog","blog":"news"}},"1521155965634":{"type":"framework--featured-text","settings":{"background-color":"none","heading":"Talk about your brand","text":"<p>Use this text to share information about your brand with your customers. Describe a product, share announcements, or welcome customers to your store.<\/p>"}},"1521155972652":{"type":"framework--featured-video","settings":{"background-color":"light","heading":"","video_url":""}},"1521155992953":{"type":"framework--map","settings":{"api-key":"","map-address":"391 Sutter St, San Francisco","background-color":"light","theme":"grayscale","heading":"Map","address":"<p>391 Sutter St,<br>San Francisco<br>CA 94108, USA<br><br>(555) 555-5555<\/p>","hours":"<p>Monday - Friday<br>10am - 6pm<br><br>Saturday - Sunday<br>12pm - 5pm<\/p>","image":""}},"1521156071253":{"type":"framework--featured-content","settings":{"full-width":false,"background-color":"light","text-position":"left","text-width":"small","overlap":true,"transparent-overlap":false,"alternative-color":false,"image":"","title":"Image with text","description":"<p>Use a combination of image and text to share information about your brand with your customers. Describe a product, share announcements, or welcome customers to your store<\/p>","link-url":"","link-text":""}},"1530233365157":{"type":"framework--instagram","settings":{"username":"","access-token":"","background-color":"none","full-width":false,"spacing":true,"rows":2,"columns":5,"heading":"Instagram","footer":"Follow @shopify on Instagram"}}},"content_for_index":["1519177052247","1519177181912","1519177108222","1519177136360","1519177213210","1521155965634","1521155972652","1530233365157","1521156071253","1521155885984","1521155992953","1519177316120"]},"Deli":{"typography--logo":"karla_n7","typography--heading":"karla_n7","typography--accent":"karla_n7","typography--text":"lato_n4","color--accent":"#fff8d9","color-text":"#444444","color-text-alt":"#999999","color-page-bg":"#ffffff","color-panel-bg":"#f7f7f7","color-border":"#ebebeb","color-error":"#f66767","color-button":"#ffffff","color-button-bg":"#444444","color-button-bg-hover":"#777777","color-twitter-tone":"light","color-header-bg":"#f7f7f7","color-header":"#444444","color-header-cart":"#444444","color-footer-bg":"#f7f7f7","color-footer":"#333333","color-slider-caption":"#444444","color-slider-caption-bg":"#ffffff","color-slider-button":"#f7f7f7","color-slider-button-bg":"#444444","color-slider-button-hover-bg":"#999999","color-slider-nav":"#444444","color-product-slider-bg":"#ffffff","color-featured-promo-bg":"#f7f7f7","color-social-feed-bg":"#ffffff","color-grid-sale":"#ffffff","color-grid-sale-bg":"#444444","color-grid-sold-out":"#ffffff","color-grid-sold-out-bg":"#cccccc","color-product-cart-button":"#f7f7f7","color-product-cart-button-bg":"#444444","color-product-cart-button-bg-hover":"#999999","color-tabs-accordions":"#ebebeb","sections":{"header":{"type":"header","settings":{"transparent-menu":false,"menu":"main-menu","header-account-show":true,"header-menu-center":true,"header-logo-center":true,"logo":"","logo-height":35,"header--promo-bar--show-on":"all","header--promo-bar--text":"Add your promotional message","header--promo-bar--link":""}},"footer":{"type":"footer","blocks":{"footer--about":{"type":"about","settings":{"about-title":"Store","footer-payment-options-show":true}},"footer--menu":{"type":"menu","settings":{"menu-title":"Info","menu":"footer"}},"footer--subscribe":{"type":"subscribe","settings":{"newsletter--heading":"<p>Sign up to our mailing list<\/p>","subscribe--show-newsletter":true,"subscribe--show-social-icons":true}}},"block_order":["footer--about","footer--menu","footer--subscribe"],"settings":{}},"product":{"type":"product","settings":{"product-breadcrumbs-show":true,"smart_payment_button":false,"product-unavailable-form-show":true,"product-modal-enabled":true,"product-zoom-enabled":true,"low-in-stock-amount":0,"cart-form-position":"left","product-size-chart-enabled":false,"product-size-chart-option":"size","product-size-chart-page-content":"","product-share-this-show":true,"product-share-twitter":true,"product-share-facebook":true,"product-share-pinterest":true,"product-share-tumblr":true,"product-share-google":true,"product-similar-products-show":true,"product-similar-products-amount":"3","mobile-items-per-row":"2"}},"collection":{"type":"collection","settings":{"collections-breadcrumbs-show":true,"collections-tags-show":true,"collections-products-per-row":"4","mobile-items-per-row":"2"}},"blog":{"type":"blog","settings":{"articles-per-page":10}},"article":{"type":"article","settings":{"article-share-twitter":true,"article-share-facebook":true,"article-share-pinterest":true,"article-share-tumblr":true,"article-share-google":true}},"password":{"type":"password","settings":{"logo":"","logo-height":100,"password--show-newsletter":true,"mailing-list--title":"<p>Sign up to our mailing list<\/p>"}},"1519177052247":{"type":"slideshow","blocks":{"1519177052247-0":{"type":"image","settings":{"image":"","slide-title":"Slideshow","slide-tagline":"Introduce your store or campaign with this slideshow section.","slide-link-url":"","slide-link-title":"Link to content","slide-y-pos":"middle","slide-x-pos":"left","slide-text-pos":"text-left"}},"1519177052247-1":{"type":"image","settings":{"image":"","slide-title":"Slideshow","slide-tagline":"Introduce your store or campaign with this slideshow section.","slide-link-url":"","slide-link-title":"Link to content","slide-y-pos":"middle","slide-x-pos":"left","slide-text-pos":"text-left"}}},"block_order":["1519177052247-0","1519177052247-1"],"settings":{"autoplay":true,"transition_style":"default","rotate-frequency-range":7}},"1519177108222":{"type":"framework--featured-content","settings":{"full-width":true,"background-color":"accent","text-position":"right","text-width":"small","overlap":false,"transparent-overlap":false,"alternative-color":false,"image":"","title":"Image with text","description":"<p>Use a combination of image and text to share information about your brand with your customers. Describe a product, share announcements, or welcome customers to your store<\/p>","link-url":"","link-text":""}},"1519177136360":{"type":"framework--featured-grid","blocks":{"1519177136360-0":{"type":"image","settings":{"image":"","title":"Grid image","subtitle":"View more","link-url":""}},"1519177136360-1":{"type":"image","settings":{"image":"","title":"Grid image","subtitle":"View more","link-url":""}},"1519177136360-2":{"type":"image","settings":{"image":"","title":"Grid image","subtitle":"View more","link-url":""}},"1519177136360-3":{"type":"image","settings":{"image":"","title":"Grid image","subtitle":"View more","link-url":""}},"1521155794713":{"type":"image","settings":{"image":"","title":"Grid image","subtitle":"View more","link-url":""}},"1521155797117":{"type":"image","settings":{"image":"","title":"Grid image","subtitle":"View more","link-url":""}}},"block_order":["1519177136360-0","1519177136360-1","1519177136360-2","1519177136360-3","1521155794713","1521155797117"],"settings":{"background-color":"none","full-width":false,"spacing":true,"alternative-color":false,"text-position":"center","width":3,"mobile-width":"2","title":"Featured grid","subtitle":"","link-url":"","link-text":""}},"1519177181912":{"type":"featured-collection","settings":{"background-color":"none","home-product-slider-collection":"","max_products":12}},"1519177213210":{"type":"framework--featured-content","settings":{"full-width":true,"background-color":"light","text-position":"center","text-width":"large","overlap":true,"transparent-overlap":true,"alternative-color":false,"image":"","title":"Image with text","description":"<p>Use a combination of image and text to share information about your brand with your customers. Describe a product, share announcements, or welcome customers to your store<\/p>","link-url":"","link-text":""}},"1519177316120":{"type":"framework--newsletter","settings":{"background-color":"none","heading":"Subscribe to our newsletter","newsletter--subheading":"<p>A short sentence describing what someone will receive by subscribing<\/p>"}},"1521155885984":{"type":"featured-blog","settings":{"background-color":"none","heading":"Blog","blog":"news"}},"1521155965634":{"type":"framework--featured-text","settings":{"background-color":"none","heading":"Talk about your brand","text":"<p>Use this text to share information about your brand with your customers. Describe a product, share announcements, or welcome customers to your store.<\/p>"}},"1521155972652":{"type":"framework--featured-video","settings":{"background-color":"light","heading":"","video_url":""}},"1521155992953":{"type":"framework--map","settings":{"api-key":"","map-address":"391 Sutter St, San Francisco","background-color":"light","theme":"grayscale","heading":"Map","address":"<p>391 Sutter St,<br>San Francisco<br>CA 94108, USA<br><br>(555) 555-5555<\/p>","hours":"<p>Monday - Friday<br>10am - 6pm<br><br>Saturday - Sunday<br>12pm - 5pm<\/p>","image":""}},"1521156071253":{"type":"framework--featured-content","settings":{"full-width":false,"background-color":"light","text-position":"left","text-width":"small","overlap":true,"transparent-overlap":false,"alternative-color":false,"image":"","title":"Image with text","description":"<p>Use a combination of image and text to share information about your brand with your customers. Describe a product, share announcements, or welcome customers to your store<\/p>","link-url":"","link-text":""}},"1530233365157":{"type":"framework--instagram","settings":{"username":"","access-token":"","background-color":"none","full-width":false,"spacing":true,"rows":2,"columns":5,"heading":"Instagram","footer":"Follow @shopify on Instagram"}}},"content_for_index":["1519177052247","1519177181912","1519177108222","1519177136360","1519177213210","1521155965634","1521155972652","1530233365157","1521156071253","1521155885984","1521155992953","1519177316120"]},"Summer":{"typography--logo":"gill_sans_nova_n4","typography--heading":"gill_sans_nova_n4","typography--accent":"gill_sans_nova_n4","typography--text":"gill_sans_nova_n4","color--accent":"#ffe0c8","color-text":"#444444","color--alternative":"#ffffff","color-page-bg":"#ffffff","color-panel-bg":"#f7f7f7","color-border":"#ebebeb","color-error":"#f66767","color-button":"#ffffff","color-button-bg":"#444444","color-header-bg":"#F7F7F7","color-header":"#444444","color-header-cart":"#444444","color-footer-bg":"#f7f7f7","color-footer":"#333333","color-slider-caption":"#444444","color-slider-caption-bg":"#ffffff","color-slider-button":"#f7f7f7","color-slider-button-bg":"#444444","color-slider-button-hover-bg":"#999999","color-slider-nav":"#444444","color-grid-sale":"#ffffff","color-grid-sale-bg":"#444444","color-grid-sold-out":"#ffffff","color-grid-sold-out-bg":"#cccccc","color-tabs-accordions":"#ebebeb","color-twitter-tone":"light","color-link":"#999999","color-link-hover":"#444444","color-text-alt":"#999999","color-button-bg-hover":"#777777","color-product-slider-bg":"#ffffff","color-featured-promo-bg":"#f7f7f7","color-social-feed-bg":"#ffffff","color-product-cart-button":"#f7f7f7","color-product-cart-button-bg":"#444444","color-product-cart-button-bg-hover":"#999999","sections":{"header":{"type":"header","settings":{"transparent-menu":false,"menu":"main-menu","header-account-show":true,"header-menu-center":true,"header-logo-center":true,"logo":"","logo-height":35,"announcement--background-color":"accent","announcement--alternative-color":false,"header--promo-bar--show-on":"all","header--promo-bar--text":"Add your promotional message","header--promo-bar--link":""}},"footer":{"type":"footer","blocks":{"footer--about":{"type":"about","settings":{"about-title":"Store","footer-payment-options-show":true}},"footer--menu":{"type":"menu","settings":{"menu-title":"Info","menu":"footer"}},"footer--subscribe":{"type":"subscribe","settings":{"newsletter--heading":"<p>Sign up to our mailing list<\/p>","subscribe--show-newsletter":true,"subscribe--show-social-icons":true}}},"block_order":["footer--about","footer--menu","footer--subscribe"],"settings":{}},"product":{"type":"product","settings":{"product-breadcrumbs-show":true,"smart_payment_button":false,"product-unavailable-form-show":true,"product-modal-enabled":true,"product-zoom-enabled":true,"low-in-stock-amount":0,"cart-form-position":"left","product-size-chart-enabled":false,"product-size-chart-option":"size","product-size-chart-page-content":"","product-share-this-show":true,"product-share-twitter":true,"product-share-facebook":true,"product-share-pinterest":true,"product-share-tumblr":true,"product-share-google":true,"product-similar-products-show":true,"product-similar-products-amount":"3","mobile-items-per-row":"2"}},"collection":{"type":"collection","settings":{"collections-breadcrumbs-show":true,"collections-tags-show":true,"collections-products-per-row":"4","mobile-items-per-row":"2"}},"blog":{"type":"blog","settings":{"articles-per-page":10}},"article":{"type":"article","settings":{"article-share-twitter":true,"article-share-facebook":true,"article-share-pinterest":true,"article-share-tumblr":true,"article-share-google":true}},"password":{"type":"password","settings":{"logo":"","logo-height":100,"password--show-newsletter":true,"mailing-list--title":"<p>Sign up to our mailing list<\/p>"}},"1519177052247":{"type":"slideshow","blocks":{"1519177052247-0":{"type":"image","settings":{"image":"","slide-title":"Slideshow","slide-tagline":"Introduce your store or campaign with this slideshow section.","slide-link-url":"","slide-link-title":"Link to content","slide-y-pos":"middle","slide-x-pos":"left","slide-text-pos":"text-left"}},"1519177052247-1":{"type":"image","settings":{"image":"","slide-title":"Slideshow","slide-tagline":"Introduce your store or campaign with this slideshow section.","slide-link-url":"","slide-link-title":"Link to content","slide-y-pos":"middle","slide-x-pos":"left","slide-text-pos":"text-left"}}},"block_order":["1519177052247-0","1519177052247-1"],"settings":{"autoplay":true,"transition_style":"default","rotate-frequency-range":7}},"1519177108222":{"type":"framework--featured-content","settings":{"full-width":true,"background-color":"accent","text-position":"right","text-width":"small","overlap":false,"transparent-overlap":false,"alternative-color":false,"image":"","title":"Image with text","description":"<p>Use a combination of image and text to share information about your brand with your customers. Describe a product, share announcements, or welcome customers to your store<\/p>","link-url":"","link-text":""}},"1519177136360":{"type":"framework--featured-grid","blocks":{"1519177136360-0":{"type":"image","settings":{"image":"","title":"Grid image","subtitle":"View more","link-url":""}},"1519177136360-1":{"type":"image","settings":{"image":"","title":"Grid image","subtitle":"View more","link-url":""}},"1519177136360-2":{"type":"image","settings":{"image":"","title":"Grid image","subtitle":"View more","link-url":""}},"1519177136360-3":{"type":"image","settings":{"image":"","title":"Grid image","subtitle":"View more","link-url":""}},"1521155794713":{"type":"image","settings":{"image":"","title":"Grid image","subtitle":"View more","link-url":""}},"1521155797117":{"type":"image","settings":{"image":"","title":"Grid image","subtitle":"View more","link-url":""}}},"block_order":["1519177136360-0","1519177136360-1","1519177136360-2","1519177136360-3","1521155794713","1521155797117"],"settings":{"background-color":"none","full-width":false,"spacing":true,"alternative-color":false,"text-position":"center","width":3,"mobile-width":"2","title":"Featured grid","subtitle":"","link-url":"","link-text":""}},"1519177181912":{"type":"featured-collection","settings":{"background-color":"none","home-product-slider-collection":"","max_products":12}},"1519177213210":{"type":"framework--featured-content","settings":{"full-width":true,"background-color":"light","text-position":"center","text-width":"large","overlap":true,"transparent-overlap":true,"alternative-color":false,"image":"","title":"Image with text","description":"<p>Use a combination of image and text to share information about your brand with your customers. Describe a product, share announcements, or welcome customers to your store<\/p>","link-url":"","link-text":""}},"1519177316120":{"type":"framework--newsletter","settings":{"background-color":"none","heading":"Subscribe to our newsletter","newsletter--subheading":"<p>A short sentence describing what someone will receive by subscribing<\/p>"}},"1521155885984":{"type":"featured-blog","settings":{"background-color":"none","heading":"Blog","blog":"news"}},"1521155965634":{"type":"framework--featured-text","settings":{"background-color":"none","heading":"Talk about your brand","text":"<p>Use this text to share information about your brand with your customers. Describe a product, share announcements, or welcome customers to your store.<\/p>"}},"1521155972652":{"type":"framework--featured-video","settings":{"background-color":"light","heading":"","video_url":""}},"1521155992953":{"type":"framework--map","settings":{"api-key":"","map-address":"391 Sutter St, San Francisco","background-color":"light","theme":"grayscale","heading":"Map","address":"<p>391 Sutter St,<br>San Francisco<br>CA 94108, USA<br><br>(555) 555-5555<\/p>","hours":"<p>Monday - Friday<br>10am - 6pm<br><br>Saturday - Sunday<br>12pm - 5pm<\/p>","image":""}},"1521156071253":{"type":"framework--featured-content","settings":{"full-width":false,"background-color":"light","text-position":"left","text-width":"small","overlap":true,"transparent-overlap":false,"alternative-color":false,"image":"","title":"Image with text","description":"<p>Use a combination of image and text to share information about your brand with your customers. Describe a product, share announcements, or welcome customers to your store<\/p>","link-url":"","link-text":""}},"1530233365157":{"type":"framework--instagram","settings":{"username":"","access-token":"","background-color":"none","full-width":false,"spacing":true,"rows":2,"columns":5,"heading":"Instagram","footer":"Follow @shopify on Instagram"}}},"content_for_index":["1519177052247","1519177181912","1519177108222","1519177136360","1519177213210","1521155965634","1521155972652","1530233365157","1521156071253","1521155885984","1521155992953","1519177316120"]},"Moto":{"typography--logo":"basic_commercial_n7","typography--heading":"itc_franklin_gothic_n5","typography--accent":"itc_franklin_gothic_n4","typography--text":"itc_franklin_gothic_n4","color--accent":"#f2efeb","color-text":"#212121","color-text-alt":"#b5b5b5","color-page-bg":"#ffffff","color-panel-bg":"#ffffff","color-border":"#ebebeb","color-error":"#f66767","color-button":"#f7f7f7","color-button-bg":"#313131","color-button-bg-hover":"#444444","color-twitter-tone":"light","color-header-bg":"#212121","color-header":"#ffffff","color-header-cart":"#ffffff","color-footer-bg":"#212121","color-footer":"#fefefe","color-slider-caption":"#272727","color-slider-caption-bg":"#ffffff","color-slider-button":"#f7f7f7","color-slider-button-bg":"#313131","color-slider-button-hover-bg":"#444444","color-slider-nav":"#444444","color-product-slider-bg":"#ffffff","color-featured-promo-bg":"#f7f7f7","color-social-feed-bg":"#ffffff","color-grid-sale":"#ffffff","color-grid-sale-bg":"#313131","color-grid-sold-out":"#ffffff","color-grid-sold-out-bg":"#cccccc","color-product-cart-button":"#f7f7f7","color-product-cart-button-bg":"#313131","color-product-cart-button-bg-hover":"#444444","color-tabs-accordions":"#ebebeb","sections":{"header":{"type":"header","settings":{"transparent-menu":false,"menu":"main-menu","header-account-show":true,"header-menu-center":true,"header-logo-center":true,"logo":"","logo-height":35,"header--promo-bar--show-on":"all","header--promo-bar--text":"Add your promotional message","header--promo-bar--link":""}},"footer":{"type":"footer","blocks":{"footer--about":{"type":"about","settings":{"about-title":"Store","footer-payment-options-show":true}},"footer--menu":{"type":"menu","settings":{"menu-title":"Info","menu":"footer"}},"footer--subscribe":{"type":"subscribe","settings":{"newsletter--heading":"<p>Sign up to our mailing list<\/p>","subscribe--show-newsletter":true,"subscribe--show-social-icons":true}}},"block_order":["footer--about","footer--menu","footer--subscribe"],"settings":{}},"product":{"type":"product","settings":{"product-breadcrumbs-show":true,"smart_payment_button":false,"product-unavailable-form-show":true,"product-modal-enabled":true,"product-zoom-enabled":true,"low-in-stock-amount":0,"cart-form-position":"left","product-size-chart-enabled":false,"product-size-chart-option":"size","product-size-chart-page-content":"","product-share-this-show":true,"product-share-twitter":true,"product-share-facebook":true,"product-share-pinterest":true,"product-share-tumblr":true,"product-share-google":true,"product-similar-products-show":true,"product-similar-products-amount":"3","mobile-items-per-row":"2"}},"collection":{"type":"collection","settings":{"collections-breadcrumbs-show":true,"collections-tags-show":true,"collections-products-per-row":"4","mobile-items-per-row":"2"}},"blog":{"type":"blog","settings":{"articles-per-page":10}},"article":{"type":"article","settings":{"article-share-twitter":true,"article-share-facebook":true,"article-share-pinterest":true,"article-share-tumblr":true,"article-share-google":true}},"password":{"type":"password","settings":{"logo":"","logo-height":100,"password--show-newsletter":true,"mailing-list--title":"<p>Sign up to our mailing list<\/p>"}},"1519177052247":{"type":"slideshow","blocks":{"1519177052247-0":{"type":"image","settings":{"image":"","slide-title":"Slideshow","slide-tagline":"Introduce your store or campaign with this slideshow section.","slide-link-url":"","slide-link-title":"Link to content","slide-y-pos":"middle","slide-x-pos":"left","slide-text-pos":"text-left"}},"1519177052247-1":{"type":"image","settings":{"image":"","slide-title":"Slideshow","slide-tagline":"Introduce your store or campaign with this slideshow section.","slide-link-url":"","slide-link-title":"Link to content","slide-y-pos":"middle","slide-x-pos":"left","slide-text-pos":"text-left"}}},"block_order":["1519177052247-0","1519177052247-1"],"settings":{"autoplay":true,"transition_style":"default","rotate-frequency-range":7}},"1519177108222":{"type":"framework--featured-content","settings":{"full-width":true,"background-color":"accent","text-position":"right","text-width":"small","overlap":false,"transparent-overlap":false,"alternative-color":false,"image":"","title":"Image with text","description":"<p>Use a combination of image and text to share information about your brand with your customers. Describe a product, share announcements, or welcome customers to your store<\/p>","link-url":"","link-text":""}},"1519177136360":{"type":"framework--featured-grid","blocks":{"1519177136360-0":{"type":"image","settings":{"image":"","title":"Grid image","subtitle":"View more","link-url":""}},"1519177136360-1":{"type":"image","settings":{"image":"","title":"Grid image","subtitle":"View more","link-url":""}},"1519177136360-2":{"type":"image","settings":{"image":"","title":"Grid image","subtitle":"View more","link-url":""}},"1519177136360-3":{"type":"image","settings":{"image":"","title":"Grid image","subtitle":"View more","link-url":""}},"1521155794713":{"type":"image","settings":{"image":"","title":"Grid image","subtitle":"View more","link-url":""}},"1521155797117":{"type":"image","settings":{"image":"","title":"Grid image","subtitle":"View more","link-url":""}}},"block_order":["1519177136360-0","1519177136360-1","1519177136360-2","1519177136360-3","1521155794713","1521155797117"],"settings":{"background-color":"none","full-width":false,"spacing":true,"alternative-color":false,"text-position":"center","width":3,"mobile-width":"2","title":"Featured grid","subtitle":"","link-url":"","link-text":""}},"1519177181912":{"type":"featured-collection","settings":{"background-color":"none","home-product-slider-collection":"","max_products":12}},"1519177213210":{"type":"framework--featured-content","settings":{"full-width":true,"background-color":"light","text-position":"center","text-width":"large","overlap":true,"transparent-overlap":true,"alternative-color":false,"image":"","title":"Image with text","description":"<p>Use a combination of image and text to share information about your brand with your customers. Describe a product, share announcements, or welcome customers to your store<\/p>","link-url":"","link-text":""}},"1519177316120":{"type":"framework--newsletter","settings":{"background-color":"none","heading":"Subscribe to our newsletter","newsletter--subheading":"<p>A short sentence describing what someone will receive by subscribing<\/p>"}},"1521155885984":{"type":"featured-blog","settings":{"background-color":"none","heading":"Blog","blog":"news"}},"1521155965634":{"type":"framework--featured-text","settings":{"background-color":"none","heading":"Talk about your brand","text":"<p>Use this text to share information about your brand with your customers. Describe a product, share announcements, or welcome customers to your store.<\/p>"}},"1521155972652":{"type":"framework--featured-video","settings":{"background-color":"light","heading":"","video_url":""}},"1521155992953":{"type":"framework--map","settings":{"api-key":"","map-address":"391 Sutter St, San Francisco","background-color":"light","theme":"grayscale","heading":"Map","address":"<p>391 Sutter St,<br>San Francisco<br>CA 94108, USA<br><br>(555) 555-5555<\/p>","hours":"<p>Monday - Friday<br>10am - 6pm<br><br>Saturday - Sunday<br>12pm - 5pm<\/p>","image":""}},"1521156071253":{"type":"framework--featured-content","settings":{"full-width":false,"background-color":"light","text-position":"left","text-width":"small","overlap":true,"transparent-overlap":false,"alternative-color":false,"image":"","title":"Image with text","description":"<p>Use a combination of image and text to share information about your brand with your customers. Describe a product, share announcements, or welcome customers to your store<\/p>","link-url":"","link-text":""}},"1530233365157":{"type":"framework--instagram","settings":{"username":"","access-token":"","background-color":"none","full-width":false,"spacing":true,"rows":2,"columns":5,"heading":"Instagram","footer":"Follow @shopify on Instagram"}}},"content_for_index":["1519177052247","1519177181912","1519177108222","1519177136360","1519177213210","1521155965634","1521155972652","1530233365157","1521156071253","1521155885984","1521155992953","1519177316120"]}}}